{"textures":{"2":"modelengine:entity/em_goblin_weapon_weapon"},"elements":[{"from":[3.4285712,3.4285712,8.0],"to":[11.428572,12.0,8.0],"rotation":{"angle":0.0,"axis":"y","origin":[4.5714283,8.0,8.0]},"faces":{"east":{"uv":[0.0,0.0,0.0,5.5],"rotation":0,"texture":"#2","tintindex":0},"south":{"uv":[2.0,0.0,9.0,7.5],"rotation":0,"texture":"#2","tintindex":0},"north":{"uv":[9.0,0.0,2.0,7.5],"rotation":0,"texture":"#2","tintindex":0},"west":{"uv":[0.0,0.0,0.0,5.5],"rotation":0,"texture":"#2","tintindex":0},"up":{"uv":[4.5,0.0,0.0,0.0],"rotation":0,"texture":"#2","tintindex":0},"down":{"uv":[4.5,0.0,0.0,0.0],"rotation":0,"texture":"#2","tintindex":0}}}],"display":{"head":{"translation":[0.0,-6.4,0.0],"scale":[4.0,4.0,4.0]}}}