{"textures":{"0":"modelengine:entity/em_earth_golem"},"elements":[{"from":[6.0,14.285715,6.142857],"to":[10.0,16.0,10.428572],"rotation":{"angle":0.0,"axis":"y","origin":[8.0,8.0,8.0]},"faces":{"east":{"uv":[8.75,4.75,10.625,5.5],"rotation":0,"texture":"#0","tintindex":0},"south":{"uv":[8.75,4.75,10.5,5.5],"rotation":0,"texture":"#0","tintindex":0},"north":{"uv":[8.75,4.75,10.5,5.5],"rotation":0,"texture":"#0","tintindex":0},"west":{"uv":[8.75,4.75,10.625,5.5],"rotation":0,"texture":"#0","tintindex":0},"up":{"uv":[3.75,1.875,2.0,0.0],"rotation":0,"texture":"#0","tintindex":0},"down":{"uv":[3.75,2.0,2.0,3.875],"rotation":0,"texture":"#0","tintindex":0}}},{"from":[8.571428,16.0,6.0],"to":[11.571428,17.857143,10.285714],"rotation":{"angle":0.0,"axis":"y","origin":[8.0,8.0,8.0]},"faces":{"east":{"uv":[6.5,3.25,8.375,4.125],"rotation":0,"texture":"#0","tintindex":0},"south":{"uv":[5.75,8.75,7.125,9.625],"rotation":0,"texture":"#0","tintindex":0},"north":{"uv":[5.75,8.75,7.125,9.625],"rotation":0,"texture":"#0","tintindex":0},"west":{"uv":[6.5,4.25,8.375,5.125],"rotation":0,"texture":"#0","tintindex":0},"up":{"uv":[1.375,5.375,0.0,3.5],"rotation":0,"texture":"#0","tintindex":0},"down":{"uv":[5.125,0.0,3.75,1.875],"rotation":0,"texture":"#0","tintindex":0}}},{"from":[1.4285712,13.714286,6.285714],"to":[3.7142854,14.857143,9.857143],"rotation":{"angle":-22.5,"axis":"z","origin":[8.0,8.0,8.0]},"faces":{"east":{"uv":[7.25,10.0,8.875,10.5],"rotation":0,"texture":"#0","tintindex":0},"south":{"uv":[11.5,3.25,12.5,3.75],"rotation":0,"texture":"#0","tintindex":0},"north":{"uv":[2.25,11.5,3.25,12.0],"rotation":0,"texture":"#0","tintindex":0},"west":{"uv":[1.5,10.25,3.125,10.75],"rotation":0,"texture":"#0","tintindex":0},"up":{"uv":[7.5,6.875,6.5,5.25],"rotation":0,"texture":"#0","tintindex":0},"down":{"uv":[6.0,6.75,5.0,8.375],"rotation":0,"texture":"#0","tintindex":0}}},{"from":[3.4285712,13.571428,6.285714],"to":[4.714286,16.57143,9.857143],"rotation":{"angle":-45.0,"axis":"z","origin":[8.0,8.0,8.0]},"faces":{"east":{"uv":[1.5,4.0,3.125,5.375],"rotation":0,"texture":"#0","tintindex":0},"south":{"uv":[9.75,9.25,10.375,10.625],"rotation":0,"texture":"#0","tintindex":0},"north":{"uv":[6.5,9.75,7.125,11.125],"rotation":0,"texture":"#0","tintindex":0},"west":{"uv":[5.25,0.0,6.875,1.375],"rotation":0,"texture":"#0","tintindex":0},"up":{"uv":[0.625,10.875,0.0,9.25],"rotation":0,"texture":"#0","tintindex":0},"down":{"uv":[1.375,9.25,0.75,10.875],"rotation":0,"texture":"#0","tintindex":0}}},{"from":[4.142857,15.8,6.285714],"to":[8.714286,17.657143,10.142858],"rotation":{"angle":0.0,"axis":"y","origin":[8.0,8.0,8.0]},"faces":{"east":{"uv":[4.0,8.5,5.75,9.25],"rotation":0,"texture":"#0","tintindex":0},"south":{"uv":[7.75,2.5,9.75,3.25],"rotation":0,"texture":"#0","tintindex":0},"north":{"uv":[7.75,2.5,9.75,3.25],"rotation":0,"texture":"#0","tintindex":0},"west":{"uv":[8.5,4.0,10.25,4.75],"rotation":0,"texture":"#0","tintindex":0},"up":{"uv":[2.0,1.75,0.0,0.0],"rotation":0,"texture":"#0","tintindex":0},"down":{"uv":[2.0,1.75,0.0,3.5],"rotation":0,"texture":"#0","tintindex":0}}}],"display":{"head":{"translation":[0.0,-6.4,0.0],"scale":[4.0,4.0,4.0]}}}