{"textures":{"2":"modelengine:entity/em_goblin_coins_weapon"},"elements":[{"from":[7.9994287,5.142857,5.714286],"to":[7.9994287,9.714286,9.714286],"rotation":{"angle":45.0,"axis":"y","origin":[8.0,8.0,8.571428]},"faces":{"east":{"uv":[14.0,5.5,8.5,11.5],"rotation":0,"texture":"#2","tintindex":0},"south":{"uv":[0.0,0.0,0.0,5.5],"rotation":0,"texture":"#2","tintindex":0},"north":{"uv":[0.0,0.0,0.0,5.5],"rotation":0,"texture":"#2","tintindex":0},"west":{"uv":[8.5,5.5,14.0,11.5],"rotation":0,"texture":"#2","tintindex":0},"up":{"uv":[0.0,4.5,0.0,0.0],"rotation":0,"texture":"#2","tintindex":0},"down":{"uv":[0.0,0.0,0.0,4.5],"rotation":0,"texture":"#2","tintindex":0}}}],"display":{"head":{"translation":[0.0,-6.4,0.0],"scale":[4.0,4.0,4.0]}}}