{"textures":{"0":"modelengine:entity/em_goblin_armor_main"},"elements":[{"from":[7.4342856,6.285714,7.428571],"to":[8.577143,8.0,8.571428],"rotation":{"angle":0.0,"axis":"y","origin":[8.0,6.285714,8.0]},"faces":{"east":{"uv":[13.0,0.0,14.0,1.5],"rotation":0,"texture":"#0","tintindex":0},"south":{"uv":[1.0,13.0,2.0,14.5],"rotation":0,"texture":"#0","tintindex":0},"north":{"uv":[0.0,13.0,1.0,14.5],"rotation":0,"texture":"#0","tintindex":0},"west":{"uv":[13.0,1.5,14.0,3.0],"rotation":0,"texture":"#0","tintindex":0},"up":{"uv":[14.0,14.0,13.0,13.0],"rotation":0,"texture":"#0","tintindex":0},"down":{"uv":[3.0,13.5,2.0,14.5],"rotation":0,"texture":"#0","tintindex":0}}}],"display":{"head":{"translation":[0.0,-6.4,0.0],"scale":[4.0,4.0,4.0]}}}