{"textures":{"0":"modelengine:entity/em_ed_arcanist_texture"},"elements":[{"from":[5.142857,-9.560238,5.2489767],"to":[10.857143,8.154049,10.963263],"rotation":{"angle":0.0,"axis":"y","origin":[8.0,8.0,8.0]},"faces":{"east":{"uv":[5.625,0.0,6.25,1.9375],"rotation":0,"texture":"#0","tintindex":0},"south":{"uv":[6.1875,3.0625,6.8125,5.0],"rotation":0,"texture":"#0","tintindex":0},"north":{"uv":[5.5625,5.0,6.1875,6.9375],"rotation":0,"texture":"#0","tintindex":0},"west":{"uv":[6.1875,5.0,6.8125,6.9375],"rotation":0,"texture":"#0","tintindex":0},"up":{"uv":[8.9375,4.0625,8.3125,3.4375],"rotation":0,"texture":"#0","tintindex":0},"down":{"uv":[8.9375,4.0625,8.3125,4.6875],"rotation":0,"texture":"#0","tintindex":0}}}],"display":{"head":{"translation":[0.0,-6.4,0.0],"scale":[4.0,4.0,4.0]}}}