{"textures":{"0":"modelengine:entity/em_advisor"},"elements":[{"from":[3.4285712,0.5714283,5.714286],"to":[12.571428,14.285715,10.285714],"rotation":{"angle":0.0,"axis":"y","origin":[8.0,-13.1428585,8.0]},"faces":{"east":{"uv":[6.0,8.0,7.0,11.0],"rotation":0,"texture":"#0","tintindex":0},"south":{"uv":[2.0,0.0,4.0,3.0],"rotation":0,"texture":"#0","tintindex":0},"north":{"uv":[0.0,0.0,2.0,3.0],"rotation":0,"texture":"#0","tintindex":0},"west":{"uv":[8.0,6.0,9.0,9.0],"rotation":0,"texture":"#0","tintindex":0},"up":{"uv":[12.0,5.5,10.0,4.5],"rotation":0,"texture":"#0","tintindex":0},"down":{"uv":[12.0,5.5,10.0,6.5],"rotation":0,"texture":"#0","tintindex":0}}}],"display":{"head":{"translation":[0.0,-6.4,0.0],"scale":[4.0,4.0,4.0]}}}