{"textures":{"0":"modelengine:entity/em_advisor"},"elements":[{"from":[5.714286,-5.714287,5.714286],"to":[10.285714,8.0,10.285714],"rotation":{"angle":0.0,"axis":"y","origin":[10.285714,-5.714287,8.0]},"faces":{"east":{"uv":[4.0,7.75,5.0,10.75],"rotation":0,"texture":"#0","tintindex":0},"south":{"uv":[8.0,0.0,9.0,3.0],"rotation":0,"texture":"#0","tintindex":0},"north":{"uv":[3.0,7.75,4.0,10.75],"rotation":0,"texture":"#0","tintindex":0},"west":{"uv":[8.0,3.0,9.0,6.0],"rotation":0,"texture":"#0","tintindex":0},"up":{"uv":[1.0,12.5,0.0,11.5],"rotation":0,"texture":"#0","tintindex":0},"down":{"uv":[2.0,11.5,1.0,12.5],"rotation":0,"texture":"#0","tintindex":0}}}],"display":{"head":{"translation":[0.0,-6.4,0.0],"scale":[4.0,4.0,4.0]}}}