{"textures":{"0":"modelengine:entity/em_advisor"},"elements":[{"from":[7.428571,9.714286,7.428571],"to":[8.0,10.857143,8.0],"rotation":{"angle":0.0,"axis":"y","origin":[-3.4285717,-2.285715,8.0]},"faces":{"east":{"uv":[7.75,11.375,8.0,11.75],"rotation":0,"texture":"#0","tintindex":0},"south":{"uv":[3.75,12.5,4.0,12.875],"rotation":0,"texture":"#0","tintindex":0},"north":{"uv":[7.75,11.0,8.0,11.375],"rotation":0,"texture":"#0","tintindex":0},"west":{"uv":[4.0,12.5,4.25,12.875],"rotation":0,"texture":"#0","tintindex":0},"up":{"uv":[8.0,12.0,7.75,11.75],"rotation":0,"texture":"#0","tintindex":0},"down":{"uv":[12.5,11.75,12.25,12.0],"rotation":0,"texture":"#0","tintindex":0}}},{"from":[6.857143,9.142858,7.428571],"to":[8.571428,9.714286,8.0],"rotation":{"angle":0.0,"axis":"y","origin":[-3.4285717,-2.285715,8.0]},"faces":{"east":{"uv":[4.5,2.75,5.0,3.0],"rotation":0,"texture":"#0","tintindex":0},"south":{"uv":[5.0,2.75,5.5,3.0],"rotation":0,"texture":"#0","tintindex":0},"north":{"uv":[4.0,2.75,4.5,3.0],"rotation":0,"texture":"#0","tintindex":0},"west":{"uv":[10.75,11.75,11.25,12.0],"rotation":0,"texture":"#0","tintindex":0},"up":{"uv":[6.0,4.5,5.5,4.0],"rotation":0,"texture":"#0","tintindex":0},"down":{"uv":[8.0,2.0,7.5,2.5],"rotation":0,"texture":"#0","tintindex":0}}},{"from":[6.285714,6.285714,7.428571],"to":[9.142858,9.142858,8.0],"rotation":{"angle":0.0,"axis":"y","origin":[-3.4285717,-2.285715,8.0]},"faces":{"east":{"uv":[1.0,12.5,1.75,13.125],"rotation":0,"texture":"#0","tintindex":0},"south":{"uv":[1.75,12.5,2.5,13.125],"rotation":0,"texture":"#0","tintindex":0},"north":{"uv":[0.25,12.5,1.0,13.125],"rotation":0,"texture":"#0","tintindex":0},"west":{"uv":[2.5,12.5,3.25,13.125],"rotation":0,"texture":"#0","tintindex":0},"up":{"uv":[10.0,12.75,9.25,12.0],"rotation":0,"texture":"#0","tintindex":0},"down":{"uv":[13.0,11.0,12.25,11.75],"rotation":0,"texture":"#0","tintindex":0}}},{"from":[6.857143,5.714286,7.428571],"to":[8.571428,6.285714,8.0],"rotation":{"angle":0.0,"axis":"y","origin":[-3.4285717,-2.285715,8.0]},"faces":{"east":{"uv":[4.25,12.5,4.75,12.625],"rotation":0,"texture":"#0","tintindex":0},"south":{"uv":[5.0,12.5,5.5,12.625],"rotation":0,"texture":"#0","tintindex":0},"north":{"uv":[12.0,6.375,12.5,6.5],"rotation":0,"texture":"#0","tintindex":0},"west":{"uv":[5.5,12.5,6.0,12.625],"rotation":0,"texture":"#0","tintindex":0},"up":{"uv":[8.0,3.0,7.5,2.5],"rotation":0,"texture":"#0","tintindex":0},"down":{"uv":[8.0,3.0,7.5,3.5],"rotation":0,"texture":"#0","tintindex":0}}}],"display":{"head":{"translation":[0.0,-6.4,0.0],"scale":[4.0,4.0,4.0]}}}