{"textures":{"0":"modelengine:entity/em_ed_hopper_cultist_texture"},"elements":[{"from":[5.714286,0.0,7.9428573],"to":[10.285714,8.0,8.0],"rotation":{"angle":0.0,"axis":"y","origin":[8.0,8.0,8.0]},"faces":{"east":{"uv":[1.0,12.5,1.25,16.0],"rotation":0,"texture":"#0","tintindex":0},"south":{"uv":[2.0,0.0,4.0,3.5],"rotation":0,"texture":"#0","tintindex":0},"north":{"uv":[0.0,0.0,2.0,3.5],"rotation":0,"texture":"#0","tintindex":0},"west":{"uv":[1.25,12.5,1.5,16.0],"rotation":0,"texture":"#0","tintindex":0},"up":{"uv":[5.0,12.75,3.0,12.5],"rotation":0,"texture":"#0","tintindex":0},"down":{"uv":[7.0,12.5,5.0,12.75],"rotation":0,"texture":"#0","tintindex":0}}}],"display":{"head":{"translation":[0.0,-6.4,0.0],"scale":[4.0,4.0,4.0]}}}