{"textures":{"0":"modelengine:entity/em_ed_hopper_cultist_texture"},"elements":[{"from":[5.714286,7.9316483,5.804141],"to":[10.285714,12.5030775,10.37557],"rotation":{"angle":0.0,"axis":"y","origin":[7.714286,7.9316483,8.089855]},"faces":{"east":{"uv":[6.0,2.0,8.0,4.0],"rotation":0,"texture":"#0","tintindex":0},"south":{"uv":[4.0,6.0,6.0,8.0],"rotation":0,"texture":"#0","tintindex":0},"north":{"uv":[6.0,0.0,8.0,2.0],"rotation":0,"texture":"#0","tintindex":0},"west":{"uv":[6.0,4.0,8.0,6.0],"rotation":0,"texture":"#0","tintindex":0},"up":{"uv":[8.0,8.0,6.0,6.0],"rotation":0,"texture":"#0","tintindex":0},"down":{"uv":[2.0,7.0,0.0,9.0],"rotation":0,"texture":"#0","tintindex":0}}},{"from":[6.285714,13.417363,5.061284],"to":[6.857143,13.988791,5.7469983],"rotation":{"angle":-22.5,"axis":"x","origin":[6.5714283,13.703077,5.346998]},"faces":{"east":{"uv":[6.75,13.25,7.0,13.5],"rotation":0,"texture":"#0","tintindex":0},"south":{"uv":[7.0,13.25,7.25,13.5],"rotation":0,"texture":"#0","tintindex":0},"north":{"uv":[6.5,13.25,6.75,13.5],"rotation":0,"texture":"#0","tintindex":0},"west":{"uv":[7.25,13.25,7.5,13.5],"rotation":0,"texture":"#0","tintindex":0},"up":{"uv":[7.75,13.5,7.5,13.25],"rotation":0,"texture":"#0","tintindex":0},"down":{"uv":[8.0,13.25,7.75,13.5],"rotation":0,"texture":"#0","tintindex":0}}},{"from":[6.2285714,12.617363,4.4327126],"to":[6.9142857,13.874506,5.118427],"rotation":{"angle":45.0,"axis":"x","origin":[6.5714283,13.2459345,4.77557]},"faces":{"east":{"uv":[4.75,13.0,5.0,13.5],"rotation":0,"texture":"#0","tintindex":0},"south":{"uv":[9.0,13.0,9.25,13.5],"rotation":0,"texture":"#0","tintindex":0},"north":{"uv":[4.5,13.0,4.75,13.5],"rotation":0,"texture":"#0","tintindex":0},"west":{"uv":[13.0,9.0,13.25,9.5],"rotation":0,"texture":"#0","tintindex":0},"up":{"uv":[8.25,13.5,8.0,13.25],"rotation":0,"texture":"#0","tintindex":0},"down":{"uv":[8.5,13.25,8.25,13.5],"rotation":0,"texture":"#0","tintindex":0}}},{"from":[6.1714287,11.874506,4.318427],"to":[6.9714284,13.2459345,5.118427],"rotation":{"angle":-22.5,"axis":"x","origin":[6.5714283,12.560221,4.7184267]},"faces":{"east":{"uv":[9.5,13.0,9.75,13.5],"rotation":0,"texture":"#0","tintindex":0},"south":{"uv":[13.0,9.5,13.25,10.0],"rotation":0,"texture":"#0","tintindex":0},"north":{"uv":[9.25,13.0,9.5,13.5],"rotation":0,"texture":"#0","tintindex":0},"west":{"uv":[9.75,13.0,10.0,13.5],"rotation":0,"texture":"#0","tintindex":0},"up":{"uv":[8.75,13.5,8.5,13.25],"rotation":0,"texture":"#0","tintindex":0},"down":{"uv":[9.0,13.25,8.75,13.5],"rotation":0,"texture":"#0","tintindex":0}}},{"from":[6.0,11.36022,4.661284],"to":[7.142857,12.5030775,5.804141],"rotation":{"angle":0.0,"axis":"y","origin":[6.5714283,11.36022,5.2327127]},"faces":{"east":{"uv":[7.5,12.75,8.0,13.25],"rotation":0,"texture":"#0","tintindex":0},"south":{"uv":[8.0,12.75,8.5,13.25],"rotation":0,"texture":"#0","tintindex":0},"north":{"uv":[7.0,12.75,7.5,13.25],"rotation":0,"texture":"#0","tintindex":0},"west":{"uv":[8.5,12.75,9.0,13.25],"rotation":0,"texture":"#0","tintindex":0},"up":{"uv":[0.5,13.5,0.0,13.0],"rotation":0,"texture":"#0","tintindex":0},"down":{"uv":[13.5,0.0,13.0,0.5],"rotation":0,"texture":"#0","tintindex":0}}},{"from":[9.142858,13.417363,5.061284],"to":[9.714286,13.988791,5.7469983],"rotation":{"angle":-22.5,"axis":"x","origin":[9.428572,13.703077,5.346998]},"faces":{"east":{"uv":[6.75,13.25,7.0,13.5],"rotation":0,"texture":"#0","tintindex":0},"south":{"uv":[7.0,13.25,7.25,13.5],"rotation":0,"texture":"#0","tintindex":0},"north":{"uv":[6.5,13.25,6.75,13.5],"rotation":0,"texture":"#0","tintindex":0},"west":{"uv":[7.25,13.25,7.5,13.5],"rotation":0,"texture":"#0","tintindex":0},"up":{"uv":[7.75,13.5,7.5,13.25],"rotation":0,"texture":"#0","tintindex":0},"down":{"uv":[8.0,13.25,7.75,13.5],"rotation":0,"texture":"#0","tintindex":0}}},{"from":[9.085714,12.617363,4.4327126],"to":[9.771429,13.874506,5.118427],"rotation":{"angle":45.0,"axis":"x","origin":[9.428572,13.2459345,4.77557]},"faces":{"east":{"uv":[4.75,13.0,5.0,13.5],"rotation":0,"texture":"#0","tintindex":0},"south":{"uv":[9.0,13.0,9.25,13.5],"rotation":0,"texture":"#0","tintindex":0},"north":{"uv":[4.5,13.0,4.75,13.5],"rotation":0,"texture":"#0","tintindex":0},"west":{"uv":[13.0,9.0,13.25,9.5],"rotation":0,"texture":"#0","tintindex":0},"up":{"uv":[8.25,13.5,8.0,13.25],"rotation":0,"texture":"#0","tintindex":0},"down":{"uv":[8.5,13.25,8.25,13.5],"rotation":0,"texture":"#0","tintindex":0}}},{"from":[9.028571,11.874506,4.318427],"to":[9.828571,13.2459345,5.118427],"rotation":{"angle":-22.5,"axis":"x","origin":[9.428572,12.560221,4.7184267]},"faces":{"east":{"uv":[9.5,13.0,9.75,13.5],"rotation":0,"texture":"#0","tintindex":0},"south":{"uv":[13.0,9.5,13.25,10.0],"rotation":0,"texture":"#0","tintindex":0},"north":{"uv":[9.25,13.0,9.5,13.5],"rotation":0,"texture":"#0","tintindex":0},"west":{"uv":[9.75,13.0,10.0,13.5],"rotation":0,"texture":"#0","tintindex":0},"up":{"uv":[8.75,13.5,8.5,13.25],"rotation":0,"texture":"#0","tintindex":0},"down":{"uv":[9.0,13.25,8.75,13.5],"rotation":0,"texture":"#0","tintindex":0}}},{"from":[8.857143,11.36022,4.661284],"to":[10.0,12.5030775,5.804141],"rotation":{"angle":0.0,"axis":"y","origin":[9.428572,11.36022,5.2327127]},"faces":{"east":{"uv":[7.5,12.75,8.0,13.25],"rotation":0,"texture":"#0","tintindex":0},"south":{"uv":[8.0,12.75,8.5,13.25],"rotation":0,"texture":"#0","tintindex":0},"north":{"uv":[7.0,12.75,7.5,13.25],"rotation":0,"texture":"#0","tintindex":0},"west":{"uv":[8.5,12.75,9.0,13.25],"rotation":0,"texture":"#0","tintindex":0},"up":{"uv":[0.5,13.5,0.0,13.0],"rotation":0,"texture":"#0","tintindex":0},"down":{"uv":[13.5,0.0,13.0,0.5],"rotation":0,"texture":"#0","tintindex":0}}}],"display":{"head":{"translation":[0.0,-6.4,0.0],"scale":[4.0,4.0,4.0]}}}