{"textures":{"2":"modelengine:entity/em_goblin_treasure_treasure"},"elements":[{"from":[7.570857,6.0,5.142857],"to":[7.570857,12.857143,11.428572],"rotation":{"angle":45.0,"axis":"y","origin":[8.0,8.0,8.0]},"faces":{"east":{"uv":[6.5,0.0,1.0,6.0],"rotation":0,"texture":"#2","tintindex":0},"south":{"uv":[0.0,0.0,0.0,5.5],"rotation":0,"texture":"#2","tintindex":0},"north":{"uv":[0.0,0.0,0.0,5.5],"rotation":0,"texture":"#2","tintindex":0},"west":{"uv":[1.0,0.0,6.5,6.0],"rotation":0,"texture":"#2","tintindex":0},"up":{"uv":[0.0,4.5,0.0,0.0],"rotation":0,"texture":"#2","tintindex":0},"down":{"uv":[0.0,0.0,0.0,4.5],"rotation":0,"texture":"#2","tintindex":0}}}],"display":{"head":{"translation":[0.0,-6.4,0.0],"scale":[4.0,4.0,4.0]}}}