{"textures":{"0":"modelengine:entity/em_ed_heart_texture"},"elements":[{"from":[6.8285713,6.877448,8.167368],"to":[9.171429,10.877448,10.453082],"rotation":{"angle":45.0,"axis":"x","origin":[10.114286,10.020306,7.595939]},"faces":{"east":{"uv":[6.5,12.75,7.5,14.5],"rotation":0,"texture":"#0","tintindex":0},"south":{"uv":[7.5,12.75,8.5,14.5],"rotation":0,"texture":"#0","tintindex":0},"north":{"uv":[12.5,12.5,13.5,14.25],"rotation":0,"texture":"#0","tintindex":0},"west":{"uv":[8.5,12.75,9.5,14.5],"rotation":0,"texture":"#0","tintindex":0},"up":{"uv":[14.0,9.5,13.0,8.5],"rotation":0,"texture":"#0","tintindex":0},"down":{"uv":[14.0,9.5,13.0,10.5],"rotation":0,"texture":"#0","tintindex":0}}}],"display":{"head":{"translation":[0.0,-6.4,0.0],"scale":[4.0,4.0,4.0]}}}