{"textures":{"0":"modelengine:entity/em_ed_heart_texture"},"elements":[{"from":[6.8285713,6.877448,8.167368],"to":[9.171429,10.877448,10.453082],"rotation":{"angle":45.0,"axis":"x","origin":[7.028571,10.020306,7.595939]},"faces":{"east":{"uv":[3.0,12.0,4.0,13.75],"rotation":0,"texture":"#0","tintindex":0},"south":{"uv":[12.0,9.0,13.0,10.75],"rotation":0,"texture":"#0","tintindex":0},"north":{"uv":[12.0,2.0,13.0,3.75],"rotation":0,"texture":"#0","tintindex":0},"west":{"uv":[11.5,12.5,12.5,14.25],"rotation":0,"texture":"#0","tintindex":0},"up":{"uv":[8.0,9.0,7.0,8.0],"rotation":0,"texture":"#0","tintindex":0},"down":{"uv":[3.0,13.0,2.0,14.0],"rotation":0,"texture":"#0","tintindex":0}}}],"display":{"head":{"translation":[0.0,-6.4,0.0],"scale":[4.0,4.0,4.0]}}}