{"textures":{"2":"modelengine:entity/em_goblin_charm"},"elements":[{"from":[8.142285,9.142858,4.714286],"to":[8.142285,16.0,11.0],"rotation":{"angle":22.5,"axis":"y","origin":[8.0,7.428571,8.571428]},"faces":{"east":{"uv":[14.0,6.0,8.5,12.0],"rotation":0,"texture":"#2","tintindex":0},"south":{"uv":[0.0,0.0,0.0,5.5],"rotation":0,"texture":"#2","tintindex":0},"north":{"uv":[0.0,0.0,0.0,5.5],"rotation":0,"texture":"#2","tintindex":0},"west":{"uv":[8.5,6.0,14.0,12.0],"rotation":0,"texture":"#2","tintindex":0},"up":{"uv":[0.0,4.5,0.0,0.0],"rotation":0,"texture":"#2","tintindex":0},"down":{"uv":[0.0,0.0,0.0,4.5],"rotation":0,"texture":"#2","tintindex":0}}}],"display":{"head":{"translation":[0.0,-6.4,0.0],"scale":[4.0,4.0,4.0]}}}