{"textures":{"0":"modelengine:entity/em_water_elemental_texture"},"elements":[{"from":[6.714286,6.857143,10.285714],"to":[9.285714,9.142858,13.142858],"rotation":{"angle":-22.5,"axis":"x","origin":[8.0,-3.4285717,9.714286]},"faces":{"east":{"uv":[8.5,0.0,9.125,0.5],"rotation":0,"texture":"#0","tintindex":0},"south":{"uv":[8.5,7.5,9.0625,8.0],"rotation":0,"texture":"#0","tintindex":0},"north":{"uv":[8.5,5.375,9.0625,5.875],"rotation":0,"texture":"#0","tintindex":0},"west":{"uv":[8.5,0.5,9.125,1.0],"rotation":0,"texture":"#0","tintindex":0},"up":{"uv":[1.3125,8.5,0.75,7.875],"rotation":0,"texture":"#0","tintindex":0},"down":{"uv":[1.9375,7.875,1.375,8.5],"rotation":0,"texture":"#0","tintindex":0}}}],"display":{"head":{"translation":[0.0,-6.4,0.0],"scale":[4.0,4.0,4.0]}}}