{"textures":{"0":"modelengine:entity/em_ed_ender_fly_texture"},"elements":[{"from":[4.0,4.285714,3.7142854],"to":[12.0,11.714286,12.285715],"rotation":{"angle":0.0,"axis":"y","origin":[8.0,-2.5714293,8.285714]},"faces":{"east":{"uv":[3.5,3.75,5.375,5.375],"rotation":0,"texture":"#0","tintindex":0},"south":{"uv":[5.375,5.375,7.125,7.0],"rotation":0,"texture":"#0","tintindex":0},"north":{"uv":[5.375,3.75,7.125,5.375],"rotation":0,"texture":"#0","tintindex":0},"west":{"uv":[3.5,5.375,5.375,7.0],"rotation":0,"texture":"#0","tintindex":0},"up":{"uv":[1.75,5.625,0.0,3.75],"rotation":0,"texture":"#0","tintindex":0},"down":{"uv":[3.5,3.75,1.75,5.625],"rotation":0,"texture":"#0","tintindex":0}}}],"display":{"head":{"translation":[0.0,-6.4,0.0],"scale":[4.0,4.0,4.0]}}}