{"textures":{"0":"modelengine:entity/em_kraken"},"elements":[{"from":[0.39390802,2.0357141,8.340623],"to":[3.8224797,11.221429,8.340623],"rotation":{"angle":45.0,"axis":"y","origin":[4.6510515,6.6285715,4.9406223]},"faces":{"east":{"uv":[0.0,0.0,0.0,1.0],"rotation":0,"texture":"#0","tintindex":0},"south":{"uv":[5.6875,5.0625,6.0625,6.0625],"rotation":0,"texture":"#0","tintindex":0},"north":{"uv":[5.6875,4.0625,6.0625,5.0625],"rotation":0,"texture":"#0","tintindex":0},"west":{"uv":[0.0,0.0,0.0,1.0],"rotation":0,"texture":"#0","tintindex":0},"up":{"uv":[0.375,0.0,0.0,0.0],"rotation":0,"texture":"#0","tintindex":0},"down":{"uv":[0.375,0.0,0.0,0.0],"rotation":0,"texture":"#0","tintindex":0}}},{"from":[20.965338,2.0357141,8.340623],"to":[24.39391,11.221429,8.340623],"rotation":{"angle":-45.0,"axis":"y","origin":[20.136766,6.6285715,4.9406223]},"faces":{"east":{"uv":[0.0,0.0,0.0,1.0],"rotation":0,"texture":"#0","tintindex":0},"south":{"uv":[6.0625,5.0625,5.6875,6.0625],"rotation":0,"texture":"#0","tintindex":0},"north":{"uv":[6.0625,4.0625,5.6875,5.0625],"rotation":0,"texture":"#0","tintindex":0},"west":{"uv":[0.0,0.0,0.0,1.0],"rotation":0,"texture":"#0","tintindex":0},"up":{"uv":[0.0,0.0,0.375,0.0],"rotation":0,"texture":"#0","tintindex":0},"down":{"uv":[0.0,0.0,0.375,0.0],"rotation":0,"texture":"#0","tintindex":0}}}],"display":{"head":{"translation":[0.0,-6.4,0.0],"scale":[4.0,4.0,4.0]}}}