{"textures":{"0":"modelengine:entity/em_kraken"},"elements":[{"from":[7.5785713,4.3999996,7.714286],"to":[8.421429,8.6285715,8.285714],"rotation":{"angle":0.0,"axis":"y","origin":[5.75,17.47143,3.8571424]},"faces":{"east":{"uv":[2.25,8.0,2.3125,8.4375],"rotation":0,"texture":"#0","tintindex":0},"south":{"uv":[2.3125,8.0,2.375,8.4375],"rotation":0,"texture":"#0","tintindex":0},"north":{"uv":[4.8125,7.9375,4.875,8.375],"rotation":0,"texture":"#0","tintindex":0},"west":{"uv":[0.9375,8.125,1.0,8.5625],"rotation":0,"texture":"#0","tintindex":0},"up":{"uv":[6.125,2.0,6.0625,1.9375],"rotation":0,"texture":"#0","tintindex":0},"down":{"uv":[6.125,2.0,6.0625,2.0625],"rotation":0,"texture":"#0","tintindex":0}}}],"display":{"head":{"translation":[0.0,-6.4,0.0],"scale":[4.0,4.0,4.0]}}}