{"textures":{"0":"modelengine:entity/em_kraken"},"elements":[{"from":[7.5785713,4.3999996,7.714286],"to":[8.421429,8.6285715,8.285714],"rotation":{"angle":0.0,"axis":"y","origin":[5.75,17.47143,12.142858]},"faces":{"east":{"uv":[7.375,4.8125,7.4375,5.25],"rotation":0,"texture":"#0","tintindex":0},"south":{"uv":[7.5,3.6875,7.5625,4.125],"rotation":0,"texture":"#0","tintindex":0},"north":{"uv":[3.1875,7.3125,3.25,7.75],"rotation":0,"texture":"#0","tintindex":0},"west":{"uv":[7.5625,4.375,7.625,4.8125],"rotation":0,"texture":"#0","tintindex":0},"up":{"uv":[5.625,6.0625,5.5625,6.0],"rotation":0,"texture":"#0","tintindex":0},"down":{"uv":[5.6875,6.0,5.625,6.0625],"rotation":0,"texture":"#0","tintindex":0}}}],"display":{"head":{"translation":[0.0,-6.4,0.0],"scale":[4.0,4.0,4.0]}}}