{"textures":{"0":"modelengine:entity/em_kraken"},"elements":[{"from":[7.13,2.342857,6.9914284],"to":[8.844286,8.6285715,9.105715],"rotation":{"angle":0.0,"axis":"y","origin":[7.944286,-3.6714287,12.048572]},"faces":{"east":{"uv":[0.3125,6.25,0.5625,6.9375],"rotation":0,"texture":"#0","tintindex":0},"south":{"uv":[7.4375,0.0,7.625,0.6875],"rotation":0,"texture":"#0","tintindex":0},"north":{"uv":[6.125,7.375,6.3125,8.0625],"rotation":0,"texture":"#0","tintindex":0},"west":{"uv":[2.75,6.25,3.0,6.9375],"rotation":0,"texture":"#0","tintindex":0},"up":{"uv":[1.25,8.25,1.0625,8.0],"rotation":0,"texture":"#0","tintindex":0},"down":{"uv":[8.1875,2.4375,8.0,2.6875],"rotation":0,"texture":"#0","tintindex":0}}}],"display":{"head":{"translation":[0.0,-6.4,0.0],"scale":[4.0,4.0,4.0]}}}