{"textures":{"0":"modelengine:entity/em_kraken"},"elements":[{"from":[7.2666664,2.2571425,6.778571],"to":[8.980952,8.542857,8.892858],"rotation":{"angle":0.0,"axis":"y","origin":[5.8809524,-3.757144,11.835714]},"faces":{"east":{"uv":[3.0,6.25,3.25,6.9375],"rotation":0,"texture":"#0","tintindex":0},"south":{"uv":[7.4375,2.3125,7.625,3.0],"rotation":0,"texture":"#0","tintindex":0},"north":{"uv":[7.4375,1.625,7.625,2.3125],"rotation":0,"texture":"#0","tintindex":0},"west":{"uv":[4.75,6.375,5.0,7.0625],"rotation":0,"texture":"#0","tintindex":0},"up":{"uv":[8.1875,2.9375,8.0,2.6875],"rotation":0,"texture":"#0","tintindex":0},"down":{"uv":[8.1875,2.9375,8.0,3.1875],"rotation":0,"texture":"#0","tintindex":0}}}],"display":{"head":{"translation":[0.0,-6.4,0.0],"scale":[4.0,4.0,4.0]}}}