{"textures":{"0":"modelengine:entity/em_kraken"},"elements":[{"from":[7.142857,1.7142854,8.0],"to":[8.857143,8.0,8.0],"rotation":{"angle":0.0,"axis":"y","origin":[8.271429,1.9857144,9.8]},"faces":{"east":{"uv":[0.0,0.0,0.0,0.6875],"rotation":0,"texture":"#0","tintindex":0},"south":{"uv":[7.75,3.4375,7.9375,4.125],"rotation":0,"texture":"#0","tintindex":0},"north":{"uv":[3.3125,7.75,3.5,8.4375],"rotation":0,"texture":"#0","tintindex":0},"west":{"uv":[0.0,0.0,0.0,0.6875],"rotation":0,"texture":"#0","tintindex":0},"up":{"uv":[0.1875,0.0,0.0,0.0],"rotation":0,"texture":"#0","tintindex":0},"down":{"uv":[0.1875,0.0,0.0,0.0],"rotation":0,"texture":"#0","tintindex":0}}},{"from":[7.028571,-4.5714293,8.0],"to":[9.314285,1.7142854,8.0],"rotation":{"angle":0.0,"axis":"y","origin":[8.271429,1.9857144,9.8]},"faces":{"east":{"uv":[0.0,0.0,0.0,0.6875],"rotation":0,"texture":"#0","tintindex":0},"south":{"uv":[6.5,4.625,6.75,5.3125],"rotation":0,"texture":"#0","tintindex":0},"north":{"uv":[6.5,3.9375,6.75,4.625],"rotation":0,"texture":"#0","tintindex":0},"west":{"uv":[0.0,0.0,0.0,0.6875],"rotation":0,"texture":"#0","tintindex":0},"up":{"uv":[0.25,0.0,0.0,0.0],"rotation":0,"texture":"#0","tintindex":0},"down":{"uv":[0.25,0.0,0.0,0.0],"rotation":0,"texture":"#0","tintindex":0}}}],"display":{"head":{"translation":[0.0,-6.4,0.0],"scale":[4.0,4.0,4.0]}}}