{"textures":{"0":"modelengine:entity/em_kraken"},"elements":[{"from":[7.142857,2.1714282,8.0],"to":[8.857143,8.457143,8.0],"rotation":{"angle":0.0,"axis":"y","origin":[8.0,5.3142858,8.0]},"faces":{"east":{"uv":[0.0,0.0,0.0,0.6875],"rotation":0,"texture":"#0","tintindex":0},"south":{"uv":[2.375,7.6875,2.5625,8.375],"rotation":0,"texture":"#0","tintindex":0},"north":{"uv":[7.6875,0.6875,7.875,1.375],"rotation":0,"texture":"#0","tintindex":0},"west":{"uv":[0.0,0.0,0.0,0.6875],"rotation":0,"texture":"#0","tintindex":0},"up":{"uv":[0.1875,0.0,0.0,0.0],"rotation":0,"texture":"#0","tintindex":0},"down":{"uv":[0.1875,0.0,0.0,0.0],"rotation":0,"texture":"#0","tintindex":0}}}],"display":{"head":{"translation":[0.0,-6.4,0.0],"scale":[4.0,4.0,4.0]}}}