{"textures":{"0":"modelengine:entity/em_primis_ravager_skin"},"elements":[{"from":[3.4285712,-16.0,3.4285712],"to":[12.571428,20.57143,12.571428],"rotation":{"angle":0.0,"axis":"y","origin":[-5.714287,-16.0,6.285714]},"faces":{"east":{"uv":[3.0,8.5,4.0,12.5],"rotation":0,"texture":"#0","tintindex":0},"south":{"uv":[4.0,8.625,5.0,12.625],"rotation":0,"texture":"#0","tintindex":0},"north":{"uv":[2.0,8.5,3.0,12.5],"rotation":0,"texture":"#0","tintindex":0},"west":{"uv":[5.0,8.625,6.0,12.625],"rotation":0,"texture":"#0","tintindex":0},"up":{"uv":[12.6875,2.75,11.6875,1.75],"rotation":0,"texture":"#0","tintindex":0},"down":{"uv":[12.6875,2.75,11.6875,3.75],"rotation":0,"texture":"#0","tintindex":0}}}],"display":{"head":{"translation":[0.0,-56.685722,0.0],"scale":[4.0,4.0,4.0]}}}